<?xml version="1.0" encoding="UTF-8"?>
<beans xmlns="http://www.springframework.org/schema/beans"
    xmlns:xsi="http://www.w3.org/2001/XMLSchema-instance" xmlns:context="http://www.springframework.org/schema/context"
    xmlns:os-core="http://www.openspaces.org/schema/core" xmlns:os-events="http://www.openspaces.org/schema/events"
    xmlns:tx="http://www.springframework.org/schema/tx" xmlns:os-remoting="http://www.openspaces.org/schema/remoting"
    xmlns:os-gateway="http://www.openspaces.org/schema/core/gateway"
    xsi:schemaLocation="http://www.springframework.org/schema/beans http://www.springframework.org/schema/beans/spring-beans-4.1.xsd
        http://www.springframework.org/schema/context http://www.springframework.org/schema/context/spring-context-4.1.xsd
        http://www.openspaces.org/schema/core http://www.openspaces.org/schema/12.0/core/openspaces-core.xsd
        http://www.springframework.org/schema/tx http://www.springframework.org/schema/tx/spring-tx-4.1.xsd
        http://www.openspaces.org/schema/events http://www.openspaces.org/schema/events/openspaces-events.xsd
        http://www.openspaces.org/schema/core/gateway http://www.openspaces.org/schema/12.0/core/gateway/openspaces-gateway.xsd
        http://www.openspaces.org/schema/remoting http://www.openspaces.org/schema/remoting/openspaces-remoting.xsd">

    <context:annotation-config />

    <tx:annotation-driven transaction-manager="transactionManager" />

    <os-core:distributed-tx-manager id="transactionManager" />

    <!-- Enable support for @Polling annotation -->
    <os-events:annotation-support />

    <os-core:embedded-space id="space" name="wanSpaceHK" />
    <os-core:giga-space id="gigaSpace" space="space" />

    <os-core:giga-space-context />
    <os-remoting:annotation-support />

</beans>
