<?xml version="1.0" encoding="UTF-8"?>
<beans xmlns="http://www.springframework.org/schema/beans"
       xmlns:xsi="http://www.w3.org/2001/XMLSchema-instance"
       xmlns:os-gateway="http://www.openspaces.org/schema/core/gateway"
       xsi:schemaLocation="http://www.springframework.org/schema/beans http://www.springframework.org/schema/beans/spring-beans-3.2.xsd
       http://www.openspaces.org/schema/core/gateway
       http://www.openspaces.org/schema/10.0/core/gateway/openspaces-gateway.xsd">

    <os-gateway:delegator id="delegator" local-gateway-name="US" gateway-lookups="gatewayLookups">
        <!-- <os-gateway:delegation target="DE"/> -->
        <os-gateway:delegation target="HK" delegate-through="GB" />
    </os-gateway:delegator>

    <os-gateway:sink id="sink" local-gateway-name="US" gateway-lookups="gatewayLookups"
                     local-space-url="jini://*/*/wanSpaceUS">
        <os-gateway:sources>
            <os-gateway:source name="HK"/>
            <os-gateway:source name="GB"/>            
        </os-gateway:sources>
    </os-gateway:sink>

    <os-gateway:lookups id="gatewayLookups">
        <os-gateway:lookup gateway-name="US" host="localhost" discovery-port="10768" communication-port="7000"/>
        <os-gateway:lookup gateway-name="GB" host="localhost" discovery-port="10769" communication-port="8000"/>
    </os-gateway:lookups>

</beans>


