{
  "__inputs": [
    {
      "name": "DS_XAP",
      "label": "xap",
      "description": "",
      "type": "datasource",
      "pluginId": "influxdb",
      "pluginName": "InfluxDB"
    }
  ],
  "__requires": [
    {
      "type": "grafana",
      "id": "grafana",
      "name": "Grafana",
      "version": "5.2.4"
    },
    {
      "type": "panel",
      "id": "graph",
      "name": "Graph",
      "version": "5.0.0"
    },
    {
      "type": "datasource",
      "id": "influxdb",
      "name": "InfluxDB",
      "version": "5.0.0"
    }
  ],
  "annotations": {
    "enable": false,
    "list": [
      {
        "builtIn": 1,
        "datasource": "-- Grafana --",
        "enable": true,
        "hide": true,
        "iconColor": "rgba(0, 211, 255, 1)",
        "name": "Annotations & Alerts",
        "type": "dashboard"
      }
    ]
  },
  "editable": true,
  "gnetId": null,
  "graphTooltip": 0,
  "id": null,
  "links": [],
  "panels": [
    {
      "collapsed": false,
      "gridPos": {
        "h": 1,
        "w": 24,
        "x": 0,
        "y": 0
      },
      "id": 27,
      "panels": [],
      "title": "Summary",
      "type": "row"
    },
    {
      "aliasColors": {},
      "bars": false,
      "dashLength": 10,
      "dashes": false,
      "datasource": "${DS_XAP}",
      "editable": true,
      "error": false,
      "fill": 0,
      "grid": {},
      "gridPos": {
        "h": 5,
        "w": 6,
        "x": 0,
        "y": 1
      },
      "id": 11,
      "legend": {
        "avg": false,
        "current": false,
        "max": false,
        "min": false,
        "show": true,
        "total": false,
        "values": false
      },
      "lines": true,
      "linewidth": 1,
      "links": [],
      "nullPointMode": "connected",
      "percentage": false,
      "pointradius": 1,
      "points": true,
      "renderer": "flot",
      "seriesOverrides": [],
      "spaceLength": 10,
      "stack": true,
      "steppedLine": false,
      "targets": [
        {
          "fields": [
            {
              "func": "sum",
              "name": "value"
            }
          ],
          "groupByTags": [],
          "measurement": "space_data_entries_total",
          "query": "SELECT sum(value) FROM \"space_data_entries_total\" WHERE space_name='demo' AND space_active='true' AND $timeFilter GROUP BY time($interval)",
          "refId": "A",
          "select": [
            [
              {
                "params": [
                  "value"
                ],
                "type": "field"
              },
              {
                "params": [],
                "type": "sum"
              }
            ]
          ],
          "tags": [
            {
              "key": "space_name",
              "operator": "=",
              "value": "demo"
            },
            {
              "key": "space_active",
              "operator": "=",
              "value": "true"
            }
          ]
        }
      ],
      "thresholds": [],
      "timeFrom": null,
      "timeShift": null,
      "title": "Entries",
      "tooltip": {
        "shared": false,
        "sort": 0,
        "value_type": "cumulative"
      },
      "type": "graph",
      "xaxis": {
        "buckets": null,
        "mode": "time",
        "name": null,
        "show": true,
        "values": []
      },
      "yaxes": [
        {
          "format": "short",
          "label": "Entries",
          "logBase": 1,
          "max": null,
          "min": 0,
          "show": true
        },
        {
          "format": "short",
          "logBase": 1,
          "max": null,
          "min": 0,
          "show": true
        }
      ],
      "yaxis": {
        "align": false,
        "alignLevel": null
      }
    },
    {
      "aliasColors": {},
      "bars": false,
      "dashLength": 10,
      "dashes": false,
      "datasource": "${DS_XAP}",
      "editable": true,
      "error": false,
      "fill": 0,
      "grid": {},
      "gridPos": {
        "h": 5,
        "w": 6,
        "x": 6,
        "y": 1
      },
      "id": 12,
      "legend": {
        "avg": false,
        "current": false,
        "max": false,
        "min": false,
        "show": true,
        "total": false,
        "values": false
      },
      "lines": true,
      "linewidth": 1,
      "links": [],
      "nullPointMode": "connected",
      "percentage": false,
      "pointradius": 1,
      "points": true,
      "renderer": "flot",
      "seriesOverrides": [],
      "spaceLength": 10,
      "stack": true,
      "steppedLine": false,
      "targets": [
        {
          "fields": [
            {
              "func": "sum",
              "name": "value"
            }
          ],
          "groupByTags": [],
          "measurement": "space_transactions_active",
          "query": "SELECT sum(value) FROM \"space_transactions_active\" WHERE space_name='demo' AND space_active='true' AND $timeFilter GROUP BY time($interval)",
          "refId": "A",
          "select": [
            [
              {
                "params": [
                  "value"
                ],
                "type": "field"
              },
              {
                "params": [],
                "type": "sum"
              }
            ]
          ],
          "tags": [
            {
              "key": "space_name",
              "operator": "=",
              "value": "demo"
            },
            {
              "key": "space_active",
              "operator": "=",
              "value": "true"
            }
          ]
        }
      ],
      "thresholds": [],
      "timeFrom": null,
      "timeShift": null,
      "title": "Active Transactions",
      "tooltip": {
        "shared": false,
        "sort": 0,
        "value_type": "cumulative"
      },
      "type": "graph",
      "xaxis": {
        "buckets": null,
        "mode": "time",
        "name": null,
        "show": true,
        "values": []
      },
      "yaxes": [
        {
          "format": "short",
          "label": "Transactions",
          "logBase": 1,
          "max": null,
          "min": 0,
          "show": true
        },
        {
          "format": "short",
          "logBase": 1,
          "max": null,
          "min": 0,
          "show": true
        }
      ],
      "yaxis": {
        "align": false,
        "alignLevel": null
      }
    },
    {
      "aliasColors": {},
      "bars": false,
      "dashLength": 10,
      "dashes": false,
      "datasource": "${DS_XAP}",
      "editable": true,
      "error": false,
      "fill": 0,
      "grid": {},
      "gridPos": {
        "h": 5,
        "w": 6,
        "x": 12,
        "y": 1
      },
      "id": 13,
      "legend": {
        "avg": false,
        "current": false,
        "max": false,
        "min": false,
        "show": true,
        "total": false,
        "values": false
      },
      "lines": true,
      "linewidth": 1,
      "links": [],
      "nullPointMode": "connected",
      "percentage": false,
      "pointradius": 1,
      "points": true,
      "renderer": "flot",
      "seriesOverrides": [],
      "spaceLength": 10,
      "stack": true,
      "steppedLine": false,
      "targets": [
        {
          "fields": [
            {
              "func": "sum",
              "name": "value"
            }
          ],
          "groupByTags": [],
          "measurement": "space_connections_incoming_active",
          "query": "SELECT sum(value) FROM \"space_connections_incoming_active\" WHERE space_name='demo' AND space_active='true' AND $timeFilter GROUP BY time($interval)",
          "refId": "A",
          "select": [
            [
              {
                "params": [
                  "value"
                ],
                "type": "field"
              },
              {
                "params": [],
                "type": "sum"
              }
            ]
          ],
          "tags": [
            {
              "key": "space_name",
              "operator": "=",
              "value": "demo"
            },
            {
              "key": "space_active",
              "operator": "=",
              "value": "true"
            }
          ]
        }
      ],
      "thresholds": [],
      "timeFrom": null,
      "timeShift": null,
      "title": "Active Incoming Connections",
      "tooltip": {
        "shared": false,
        "sort": 0,
        "value_type": "cumulative"
      },
      "type": "graph",
      "xaxis": {
        "buckets": null,
        "mode": "time",
        "name": null,
        "show": true,
        "values": []
      },
      "yaxes": [
        {
          "format": "short",
          "label": "Connections",
          "logBase": 1,
          "max": null,
          "min": 0,
          "show": true
        },
        {
          "format": "short",
          "logBase": 1,
          "max": null,
          "min": 0,
          "show": true
        }
      ],
      "yaxis": {
        "align": false,
        "alignLevel": null
      }
    },
    {
      "aliasColors": {},
      "bars": false,
      "dashLength": 10,
      "dashes": false,
      "datasource": "${DS_XAP}",
      "editable": true,
      "error": false,
      "fill": 0,
      "grid": {},
      "gridPos": {
        "h": 5,
        "w": 6,
        "x": 18,
        "y": 1
      },
      "id": 14,
      "legend": {
        "avg": false,
        "current": false,
        "max": false,
        "min": false,
        "show": true,
        "total": false,
        "values": false
      },
      "lines": true,
      "linewidth": 1,
      "links": [],
      "nullPointMode": "connected",
      "percentage": false,
      "pointradius": 1,
      "points": true,
      "renderer": "flot",
      "seriesOverrides": [],
      "spaceLength": 10,
      "stack": true,
      "steppedLine": false,
      "targets": [
        {
          "fields": [
            {
              "func": "sum",
              "name": "value"
            }
          ],
          "groupByTags": [],
          "measurement": "space_replication_redo-log_size",
          "query": "SELECT sum(value) FROM \"space_replication_redo-log_size\" WHERE space_name='demo' AND space_active='true' AND $timeFilter GROUP BY time($interval)",
          "rawQuery": true,
          "refId": "A",
          "select": [
            [
              {
                "params": [
                  "value"
                ],
                "type": "field"
              },
              {
                "params": [],
                "type": "sum"
              }
            ]
          ],
          "tags": [
            {
              "key": "space_name",
              "operator": "=",
              "value": "demo"
            },
            {
              "key": "space_active",
              "operator": "=",
              "value": "true"
            }
          ]
        }
      ],
      "thresholds": [],
      "timeFrom": null,
      "timeShift": null,
      "title": "Replication Redo Log Size",
      "tooltip": {
        "shared": false,
        "sort": 0,
        "value_type": "cumulative"
      },
      "type": "graph",
      "xaxis": {
        "buckets": null,
        "mode": "time",
        "name": null,
        "show": true,
        "values": []
      },
      "yaxes": [
        {
          "format": "short",
          "label": "Packets",
          "logBase": 1,
          "max": null,
          "min": 0,
          "show": true
        },
        {
          "format": "short",
          "logBase": 1,
          "max": null,
          "min": 0,
          "show": true
        }
      ],
      "yaxis": {
        "align": false,
        "alignLevel": null
      }
    },
    {
      "collapsed": false,
      "gridPos": {
        "h": 1,
        "w": 24,
        "x": 0,
        "y": 6
      },
      "id": 28,
      "panels": [],
      "title": "Space Operations",
      "type": "row"
    },
    {
      "aliasColors": {},
      "bars": false,
      "dashLength": 10,
      "dashes": false,
      "datasource": "${DS_XAP}",
      "editable": true,
      "error": false,
      "fill": 0,
      "grid": {},
      "gridPos": {
        "h": 5,
        "w": 8,
        "x": 0,
        "y": 7
      },
      "id": 21,
      "legend": {
        "avg": false,
        "current": false,
        "max": false,
        "min": false,
        "show": true,
        "total": false,
        "values": false
      },
      "lines": true,
      "linewidth": 1,
      "links": [],
      "nullPointMode": "connected",
      "percentage": false,
      "pointradius": 1,
      "points": true,
      "renderer": "flot",
      "seriesOverrides": [],
      "spaceLength": 10,
      "stack": true,
      "steppedLine": false,
      "targets": [
        {
          "fields": [
            {
              "func": "sum",
              "name": "value"
            }
          ],
          "groupByTags": [],
          "measurement": "space_operations_write-tp",
          "query": "SELECT sum(value) FROM \"space_operations_write-tp\" WHERE space_name='demo' AND space_active='true' AND $timeFilter GROUP BY time($interval)",
          "refId": "A",
          "select": [
            [
              {
                "params": [
                  "value"
                ],
                "type": "field"
              },
              {
                "params": [],
                "type": "sum"
              }
            ]
          ],
          "tags": [
            {
              "key": "space_name",
              "operator": "=",
              "value": "demo"
            },
            {
              "key": "space_active",
              "operator": "=",
              "value": "true"
            }
          ]
        }
      ],
      "thresholds": [],
      "timeFrom": null,
      "timeShift": null,
      "title": "Write Operations",
      "tooltip": {
        "shared": false,
        "sort": 0,
        "value_type": "cumulative"
      },
      "type": "graph",
      "xaxis": {
        "buckets": null,
        "mode": "time",
        "name": null,
        "show": true,
        "values": []
      },
      "yaxes": [
        {
          "format": "short",
          "label": "Operations",
          "logBase": 1,
          "max": null,
          "min": 0,
          "show": true
        },
        {
          "format": "short",
          "logBase": 1,
          "max": null,
          "min": 0,
          "show": true
        }
      ],
      "yaxis": {
        "align": false,
        "alignLevel": null
      }
    },
    {
      "aliasColors": {},
      "bars": false,
      "dashLength": 10,
      "dashes": false,
      "datasource": "${DS_XAP}",
      "editable": true,
      "error": false,
      "fill": 0,
      "grid": {},
      "gridPos": {
        "h": 5,
        "w": 8,
        "x": 8,
        "y": 7
      },
      "id": 22,
      "legend": {
        "avg": false,
        "current": false,
        "max": false,
        "min": false,
        "show": true,
        "total": false,
        "values": false
      },
      "lines": true,
      "linewidth": 1,
      "links": [],
      "nullPointMode": "connected",
      "percentage": false,
      "pointradius": 1,
      "points": true,
      "renderer": "flot",
      "seriesOverrides": [],
      "spaceLength": 10,
      "stack": true,
      "steppedLine": false,
      "targets": [
        {
          "fields": [
            {
              "func": "sum",
              "name": "value"
            }
          ],
          "groupByTags": [],
          "measurement": "space_operations_read-tp",
          "query": "SELECT sum(value) FROM \"space_operations_read-tp\" WHERE space_name='demo' AND space_active='true' AND $timeFilter GROUP BY time($interval)",
          "refId": "A",
          "select": [
            [
              {
                "params": [
                  "value"
                ],
                "type": "field"
              },
              {
                "params": [],
                "type": "sum"
              }
            ]
          ],
          "tags": [
            {
              "key": "space_name",
              "operator": "=",
              "value": "demo"
            },
            {
              "key": "space_active",
              "operator": "=",
              "value": "true"
            }
          ]
        }
      ],
      "thresholds": [],
      "timeFrom": null,
      "timeShift": null,
      "title": "Read Operations",
      "tooltip": {
        "shared": false,
        "sort": 0,
        "value_type": "cumulative"
      },
      "type": "graph",
      "xaxis": {
        "buckets": null,
        "mode": "time",
        "name": null,
        "show": true,
        "values": []
      },
      "yaxes": [
        {
          "format": "short",
          "label": "Operations",
          "logBase": 1,
          "max": null,
          "min": 0,
          "show": true
        },
        {
          "format": "short",
          "logBase": 1,
          "max": null,
          "min": 0,
          "show": true
        }
      ],
      "yaxis": {
        "align": false,
        "alignLevel": null
      }
    },
    {
      "aliasColors": {},
      "bars": false,
      "dashLength": 10,
      "dashes": false,
      "datasource": "${DS_XAP}",
      "editable": true,
      "error": false,
      "fill": 0,
      "grid": {},
      "gridPos": {
        "h": 5,
        "w": 8,
        "x": 16,
        "y": 7
      },
      "id": 23,
      "legend": {
        "avg": false,
        "current": false,
        "max": false,
        "min": false,
        "show": true,
        "total": false,
        "values": false
      },
      "lines": true,
      "linewidth": 1,
      "links": [],
      "nullPointMode": "connected",
      "percentage": false,
      "pointradius": 1,
      "points": true,
      "renderer": "flot",
      "seriesOverrides": [],
      "spaceLength": 10,
      "stack": true,
      "steppedLine": false,
      "targets": [
        {
          "fields": [
            {
              "func": "sum",
              "name": "value"
            }
          ],
          "groupByTags": [],
          "measurement": "space_operations_take-tp",
          "query": "SELECT sum(value) FROM \"space_operations_take-tp\" WHERE space_name='demo' AND space_active='true' AND $timeFilter GROUP BY time($interval)",
          "refId": "A",
          "select": [
            [
              {
                "params": [
                  "value"
                ],
                "type": "field"
              },
              {
                "params": [],
                "type": "sum"
              }
            ]
          ],
          "tags": [
            {
              "key": "space_name",
              "operator": "=",
              "value": "demo"
            },
            {
              "key": "space_active",
              "operator": "=",
              "value": "true"
            }
          ]
        }
      ],
      "thresholds": [],
      "timeFrom": null,
      "timeShift": null,
      "title": "Take Operations",
      "tooltip": {
        "shared": false,
        "sort": 0,
        "value_type": "cumulative"
      },
      "type": "graph",
      "xaxis": {
        "buckets": null,
        "mode": "time",
        "name": null,
        "show": true,
        "values": []
      },
      "yaxes": [
        {
          "format": "short",
          "label": "Operations",
          "logBase": 1,
          "max": null,
          "min": 0,
          "show": true
        },
        {
          "format": "short",
          "logBase": 1,
          "max": null,
          "min": 0,
          "show": true
        }
      ],
      "yaxis": {
        "align": false,
        "alignLevel": null
      }
    },
    {
      "aliasColors": {},
      "bars": false,
      "dashLength": 10,
      "dashes": false,
      "datasource": "${DS_XAP}",
      "editable": true,
      "error": false,
      "fill": 0,
      "grid": {},
      "gridPos": {
        "h": 5,
        "w": 8,
        "x": 0,
        "y": 12
      },
      "id": 24,
      "legend": {
        "avg": false,
        "current": false,
        "max": false,
        "min": false,
        "show": true,
        "total": false,
        "values": false
      },
      "lines": true,
      "linewidth": 1,
      "links": [],
      "nullPointMode": "connected",
      "percentage": false,
      "pointradius": 1,
      "points": true,
      "renderer": "flot",
      "seriesOverrides": [],
      "spaceLength": 10,
      "stack": true,
      "steppedLine": false,
      "targets": [
        {
          "fields": [
            {
              "func": "sum",
              "name": "value"
            }
          ],
          "groupByTags": [],
          "measurement": "space_operations_change-tp",
          "query": "SELECT sum(value) FROM \"space_operations_change-tp\" WHERE space_name='demo' AND space_active='true' AND $timeFilter GROUP BY time($interval)",
          "refId": "A",
          "select": [
            [
              {
                "params": [
                  "value"
                ],
                "type": "field"
              },
              {
                "params": [],
                "type": "sum"
              }
            ]
          ],
          "tags": [
            {
              "key": "space_name",
              "operator": "=",
              "value": "demo"
            },
            {
              "key": "space_active",
              "operator": "=",
              "value": "true"
            }
          ]
        }
      ],
      "thresholds": [],
      "timeFrom": null,
      "timeShift": null,
      "title": "Change Operations",
      "tooltip": {
        "shared": false,
        "sort": 0,
        "value_type": "cumulative"
      },
      "type": "graph",
      "xaxis": {
        "buckets": null,
        "mode": "time",
        "name": null,
        "show": true,
        "values": []
      },
      "yaxes": [
        {
          "format": "short",
          "label": "Operations",
          "logBase": 1,
          "max": null,
          "min": 0,
          "show": true
        },
        {
          "format": "short",
          "logBase": 1,
          "max": null,
          "min": 0,
          "show": true
        }
      ],
      "yaxis": {
        "align": false,
        "alignLevel": null
      }
    },
    {
      "aliasColors": {},
      "bars": false,
      "dashLength": 10,
      "dashes": false,
      "datasource": "${DS_XAP}",
      "editable": true,
      "error": false,
      "fill": 0,
      "grid": {},
      "gridPos": {
        "h": 5,
        "w": 8,
        "x": 8,
        "y": 12
      },
      "id": 25,
      "legend": {
        "avg": false,
        "current": false,
        "max": false,
        "min": false,
        "show": true,
        "total": false,
        "values": false
      },
      "lines": true,
      "linewidth": 1,
      "links": [],
      "nullPointMode": "connected",
      "percentage": false,
      "pointradius": 1,
      "points": true,
      "renderer": "flot",
      "seriesOverrides": [],
      "spaceLength": 10,
      "stack": true,
      "steppedLine": false,
      "targets": [
        {
          "fields": [
            {
              "func": "sum",
              "name": "value"
            }
          ],
          "groupByTags": [],
          "measurement": "space_operations_execute-tp",
          "query": "SELECT sum(value) FROM \"space_operations_execute-tp\" WHERE space_name='demo' AND space_active='true' AND $timeFilter GROUP BY time($interval)",
          "refId": "A",
          "select": [
            [
              {
                "params": [
                  "value"
                ],
                "type": "field"
              },
              {
                "params": [],
                "type": "sum"
              }
            ]
          ],
          "tags": [
            {
              "key": "space_name",
              "operator": "=",
              "value": "demo"
            },
            {
              "key": "space_active",
              "operator": "=",
              "value": "true"
            }
          ]
        }
      ],
      "thresholds": [],
      "timeFrom": null,
      "timeShift": null,
      "title": "Execute Operations",
      "tooltip": {
        "shared": false,
        "sort": 0,
        "value_type": "cumulative"
      },
      "type": "graph",
      "xaxis": {
        "buckets": null,
        "mode": "time",
        "name": null,
        "show": true,
        "values": []
      },
      "yaxes": [
        {
          "format": "short",
          "label": "Operations",
          "logBase": 1,
          "max": null,
          "min": 0,
          "show": true
        },
        {
          "format": "short",
          "logBase": 1,
          "max": null,
          "min": 0,
          "show": true
        }
      ],
      "yaxis": {
        "align": false,
        "alignLevel": null
      }
    },
    {
      "aliasColors": {},
      "bars": false,
      "dashLength": 10,
      "dashes": false,
      "datasource": "${DS_XAP}",
      "editable": true,
      "error": false,
      "fill": 0,
      "grid": {},
      "gridPos": {
        "h": 5,
        "w": 8,
        "x": 16,
        "y": 12
      },
      "id": 26,
      "legend": {
        "avg": false,
        "current": false,
        "max": false,
        "min": false,
        "show": true,
        "total": false,
        "values": false
      },
      "lines": true,
      "linewidth": 1,
      "links": [],
      "nullPointMode": "connected",
      "percentage": false,
      "pointradius": 1,
      "points": true,
      "renderer": "flot",
      "seriesOverrides": [],
      "spaceLength": 10,
      "stack": true,
      "steppedLine": false,
      "targets": [
        {
          "fields": [
            {
              "func": "sum",
              "name": "value"
            }
          ],
          "groupByTags": [],
          "measurement": "space_operations_before-listener-trigger-tp",
          "query": "SELECT sum(value) FROM \"space_operations_before-listener-trigger-tp\" WHERE space_name='demo' AND space_active='true' AND $timeFilter GROUP BY time($interval)",
          "refId": "A",
          "select": [
            [
              {
                "params": [
                  "value"
                ],
                "type": "field"
              },
              {
                "params": [],
                "type": "sum"
              }
            ]
          ],
          "tags": [
            {
              "key": "space_name",
              "operator": "=",
              "value": "demo"
            },
            {
              "key": "space_active",
              "operator": "=",
              "value": "true"
            }
          ]
        }
      ],
      "thresholds": [],
      "timeFrom": null,
      "timeShift": null,
      "title": "Notify Operations",
      "tooltip": {
        "shared": false,
        "sort": 0,
        "value_type": "cumulative"
      },
      "type": "graph",
      "xaxis": {
        "buckets": null,
        "mode": "time",
        "name": null,
        "show": true,
        "values": []
      },
      "yaxes": [
        {
          "format": "short",
          "label": "Operations",
          "logBase": 1,
          "max": null,
          "min": 0,
          "show": true
        },
        {
          "format": "short",
          "logBase": 1,
          "max": null,
          "min": 0,
          "show": true
        }
      ],
      "yaxis": {
        "align": false,
        "alignLevel": null
      }
    }
  ],
  "refresh": "5s",
  "schemaVersion": 16,
  "style": "light",
  "tags": [],
  "templating": {
    "list": []
  },
  "time": {
    "from": "now-5m",
    "to": "now"
  },
  "timepicker": {
    "collapse": false,
    "enable": true,
    "notice": false,
    "now": true,
    "refresh_intervals": [
      "5s",
      "10s",
      "30s",
      "1m",
      "5m",
      "15m",
      "30m",
      "1h",
      "2h",
      "1d"
    ],
    "status": "Stable",
    "time_options": [
      "5m",
      "15m",
      "1h",
      "6h",
      "12h",
      "24h",
      "2d",
      "7d",
      "30d"
    ],
    "type": "timepicker"
  },
  "timezone": "browser",
  "title": "Space-demo",
  "uid": "YfIgpyPmz",
  "version": 1
}