<?xml version="1.0" encoding="UTF-8"?>
<beans xmlns="http://www.springframework.org/schema/beans"
      xmlns:xsi="http://www.w3.org/2001/XMLSchema-instance"
      xmlns:context="http://www.springframework.org/schema/context"      
      xmlns:os-core="http://www.openspaces.org/schema/core"
      xmlns:os-events="http://www.openspaces.org/schema/events"
      xmlns:os-remoting="http://www.openspaces.org/schema/remoting"
      xmlns:os-sla="http://www.openspaces.org/schema/sla"
      xsi:schemaLocation="http://www.springframework.org/schema/beans http://www.springframework.org/schema/beans/spring-beans.xsd
      http://www.springframework.org/schema/context http://www.springframework.org/schema/context/spring-context-3.0.xsd
      http://www.openspaces.org/schema/core http://www.openspaces.org/schema/core/openspaces-core.xsd
      http://www.openspaces.org/schema/events http://www.openspaces.org/schema/events/openspaces-events.xsd
      http://www.openspaces.org/schema/remoting http://www.openspaces.org/schema/remoting/openspaces-remoting.xsd
      http://www.openspaces.org/schema/sla http://www.openspaces.org/schema/sla/openspaces-sla.xsd">
   
	<context:component-scan base-package="com.gigaspaces.examples.parallelqueue"/>

	<bean id="factory" class="com.gigaspaces.examples.parallelqueue.ProcessorFactory" >
	</bean>	
	
	<os-core:giga-space-context/>
	<os-events:annotation-support />
   <os-core:space id="space" url="/./space"/>
   <os-core:local-tx-manager id="transactionManager" space="space"/>
   <os-core:giga-space id="gigaSpace" space="space" tx-manager="transactionManager"/>
</beans>
